<?xml version='1.0' encoding='UTF-8'?>
<?artifactRepository version='1.1.0'?>
<repository name='Bundle pool' type='org.eclipse.equinox.p2.artifact.repository.simpleRepository' version='1'>
  <properties size='2'>
    <property name='p2.system' value='true'/>
    <property name='p2.timestamp' value='1271318290412'/>
  </properties>
  <mappings size='3'>
    <rule filter='(&amp; (classifier=osgi.bundle))' output='${repoUrl}/plugins/${id}_${version}.jar'/>
    <rule filter='(&amp; (classifier=binary))' output='${repoUrl}/binary/${id}_${version}'/>
    <rule filter='(&amp; (classifier=org.eclipse.update.feature))' output='${repoUrl}/features/${id}_${version}.jar'/>
  </mappings>
  <artifacts size='63'>
    <artifact classifier='osgi.bundle' id='org.eclipse.riena.ui.swt.rcp' version='2.0.0.v20100316_2_0_0_M6'>
      <properties size='2'>
        <property name='artifact.size' value='7345'/>
        <property name='download.size' value='7345'/>
      </properties>
    </artifact>
    <artifact classifier='osgi.bundle' id='org.eclipse.core.expressions' version='3.4.200.v20100222'>
      <properties size='2'>
        <property name='artifact.size' value='86928'/>
        <property name='download.size' value='86928'/>
      </properties>
    </artifact>
    <artifact classifier='osgi.bundle' id='org.eclipse.core.runtime.compatibility.auth' version='3.2.100.v20090413'>
      <properties size='2'>
        <property name='artifact.size' value='21559'/>
        <property name='download.size' value='21559'/>
      </properties>
    </artifact>
    <artifact classifier='osgi.bundle' id='org.eclipse.equinox.common' version='3.6.0.v20100222'>
      <properties size='2'>
        <property name='artifact.size' value='101903'/>
        <property name='download.size' value='101903'/>
      </properties>
    </artifact>
    <artifact classifier='osgi.bundle' id='org.eclipse.equinox.preferences' version='3.3.0.v20100307'>
      <properties size='2'>
        <property name='artifact.size' value='111026'/>
        <property name='download.size' value='111026'/>
      </properties>
    </artifact>
    <artifact classifier='osgi.bundle' id='org.eclipse.ui' version='3.6.0.I20100311-1200'>
      <properties size='2'>
        <property name='artifact.size' value='151262'/>
        <property name='download.size' value='151262'/>
      </properties>
    </artifact>
    <artifact classifier='osgi.bundle' id='org.eclipse.core.net' version='1.2.100.I20091117-0800'>
      <properties size='2'>
        <property name='artifact.size' value='65519'/>
        <property name='download.size' value='65519'/>
      </properties>
    </artifact>
    <artifact classifier='osgi.bundle' id='com.ibm.icu' version='4.2.1.v20100212'>
      <properties size='2'>
        <property name='artifact.size' value='6450385'/>
        <property name='download.size' value='6450385'/>
      </properties>
    </artifact>
    <artifact classifier='osgi.bundle' id='org.eclipse.jface' version='3.6.0.I20100305-0800'>
      <properties size='2'>
        <property name='artifact.size' value='1066133'/>
        <property name='download.size' value='1066133'/>
      </properties>
    </artifact>
    <artifact classifier='osgi.bundle' id='org.eclipse.riena.ui.filter' version='2.0.0.v20100316_2_0_0_M6'>
      <properties size='2'>
        <property name='artifact.size' value='26197'/>
        <property name='download.size' value='26197'/>
      </properties>
    </artifact>
    <artifact classifier='osgi.bundle' id='javax.servlet' version='2.5.0.v200910301333'>
      <properties size='2'>
        <property name='artifact.size' value='118874'/>
        <property name='download.size' value='118874'/>
      </properties>
    </artifact>
    <artifact classifier='osgi.bundle' id='org.eclipse.core.databinding' version='1.3.100.I20100310-1300'>
      <properties size='2'>
        <property name='artifact.size' value='199697'/>
        <property name='download.size' value='199697'/>
      </properties>
    </artifact>
    <artifact classifier='osgi.bundle' id='org.eclipse.equinox.servletbridge.extensionbundle' version='1.2.0.v20100111'>
      <properties size='2'>
        <property name='artifact.size' value='4895'/>
        <property name='download.size' value='4895'/>
      </properties>
    </artifact>
    <artifact classifier='osgi.bundle' id='org.eclipse.equinox.launcher.win32.win32.x86' version='1.1.0.v20100307'>
      <properties size='2'>
        <property name='artifact.size' value='204'/>
        <property name='download.size' value='25471'/>
      </properties>
      <repositoryProperties size='1'>
        <property name='artifact.folder' value='true'/>
      </repositoryProperties>
    </artifact>
    <artifact classifier='osgi.bundle' id='org.eclipse.equinox.security' version='1.0.200.v20100301'>
      <properties size='2'>
        <property name='artifact.size' value='106029'/>
        <property name='download.size' value='106029'/>
      </properties>
    </artifact>
    <artifact classifier='osgi.bundle' id='org.eclipse.riena.communication.console' version='2.0.0.v20100316_2_0_0_M6'>
      <properties size='2'>
        <property name='artifact.size' value='5539'/>
        <property name='download.size' value='5539'/>
      </properties>
    </artifact>
    <artifact classifier='osgi.bundle' id='org.eclipse.core.net.win32.x86' version='1.0.0.I20080909'>
      <properties size='2'>
        <property name='artifact.size' value='28491'/>
        <property name='download.size' value='28491'/>
      </properties>
    </artifact>
    <artifact classifier='osgi.bundle' id='org.eclipse.jface.databinding' version='1.4.0.I20100310-1300'>
      <properties size='2'>
        <property name='artifact.size' value='267996'/>
        <property name='download.size' value='267996'/>
      </properties>
    </artifact>
    <artifact classifier='osgi.bundle' id='org.pushingpixels.trident' version='1.2.0.v20100204-1500'>
      <properties size='2'>
        <property name='artifact.size' value='134805'/>
        <property name='download.size' value='134805'/>
      </properties>
    </artifact>
    <artifact classifier='osgi.bundle' id='org.eclipse.osgi.services' version='3.2.100.v20100108'>
      <properties size='2'>
        <property name='artifact.size' value='67355'/>
        <property name='download.size' value='67355'/>
      </properties>
    </artifact>
    <artifact classifier='osgi.bundle' id='org.eclipse.osgi' version='3.6.0.v20100301'>
      <properties size='2'>
        <property name='artifact.size' value='1145363'/>
        <property name='download.size' value='1145363'/>
      </properties>
    </artifact>
    <artifact classifier='osgi.bundle' id='org.eclipse.riena.communication.factory.hessian' version='2.0.0.v20100316_2_0_0_M6'>
      <properties size='2'>
        <property name='artifact.size' value='37932'/>
        <property name='download.size' value='37932'/>
      </properties>
    </artifact>
    <artifact classifier='osgi.bundle' id='org.apache.commons.beanutils' version='1.7.0.v200902170505'>
      <properties size='2'>
        <property name='artifact.size' value='200170'/>
        <property name='download.size' value='200170'/>
      </properties>
    </artifact>
    <artifact classifier='osgi.bundle' id='org.apache.commons.logging' version='1.0.4.v200904062259'>
      <properties size='2'>
        <property name='artifact.size' value='44210'/>
        <property name='download.size' value='44210'/>
      </properties>
    </artifact>
    <artifact classifier='osgi.bundle' id='org.eclipse.help' version='3.5.0.v20100304'>
      <properties size='2'>
        <property name='artifact.size' value='256993'/>
        <property name='download.size' value='256993'/>
      </properties>
    </artifact>
    <artifact classifier='osgi.bundle' id='org.eclipse.swt' version='3.6.0.v3637e'>
      <properties size='2'>
        <property name='artifact.size' value='17320'/>
        <property name='download.size' value='17320'/>
      </properties>
    </artifact>
    <artifact classifier='osgi.bundle' id='org.eclipse.riena.ui.ridgets.swt.optional' version='2.0.0.v20100316_2_0_0_M6'>
      <properties size='2'>
        <property name='artifact.size' value='18511'/>
        <property name='download.size' value='18511'/>
      </properties>
    </artifact>
    <artifact classifier='osgi.bundle' id='org.eclipse.riena.client' version='2.0.0.v20100316_2_0_0_M6'>
      <properties size='2'>
        <property name='artifact.size' value='881'/>
        <property name='download.size' value='881'/>
      </properties>
    </artifact>
    <artifact classifier='osgi.bundle' id='org.eclipse.core.jobs' version='3.5.0.v20100304'>
      <properties size='2'>
        <property name='artifact.size' value='90714'/>
        <property name='download.size' value='90714'/>
      </properties>
    </artifact>
    <artifact classifier='osgi.bundle' id='org.eclipse.equinox.launcher' version='1.1.0.v20100307'>
      <properties size='2'>
        <property name='artifact.size' value='46901'/>
        <property name='download.size' value='46901'/>
      </properties>
    </artifact>
    <artifact classifier='osgi.bundle' id='org.eclipse.equinox.security.win32.x86' version='1.0.100.v20090520-1800'>
      <properties size='2'>
        <property name='artifact.size' value='20763'/>
        <property name='download.size' value='20763'/>
      </properties>
    </artifact>
    <artifact classifier='osgi.bundle' id='org.eclipse.core.databinding.beans' version='1.2.100.I20100310-1300'>
      <properties size='2'>
        <property name='artifact.size' value='75898'/>
        <property name='download.size' value='75898'/>
      </properties>
    </artifact>
    <artifact classifier='osgi.bundle' id='org.eclipse.swt.win32.win32.x86' version='3.6.0.v3637e'>
      <properties size='2'>
        <property name='artifact.size' value='2423781'/>
        <property name='download.size' value='2423781'/>
      </properties>
    </artifact>
    <artifact classifier='osgi.bundle' id='org.eclipse.riena.ui.common' version='2.0.0.v20100316_2_0_0_M6'>
      <properties size='2'>
        <property name='artifact.size' value='2014'/>
        <property name='download.size' value='2014'/>
      </properties>
    </artifact>
    <artifact classifier='osgi.bundle' id='org.apache.log4j' version='1.2.13.v200903072027'>
      <properties size='2'>
        <property name='artifact.size' value='387850'/>
        <property name='download.size' value='387850'/>
      </properties>
    </artifact>
    <artifact classifier='osgi.bundle' id='org.eclipse.equinox.app' version='1.3.0.v20100304'>
      <properties size='2'>
        <property name='artifact.size' value='83691'/>
        <property name='download.size' value='83691'/>
      </properties>
    </artifact>
    <artifact classifier='osgi.bundle' id='org.easymock' version='2.4.0.v20090202-0900'>
      <properties size='2'>
        <property name='artifact.size' value='90860'/>
        <property name='download.size' value='90860'/>
      </properties>
    </artifact>
    <artifact classifier='osgi.bundle' id='org.eclipse.ui.workbench' version='3.6.0.I20100310-1300b'>
      <properties size='2'>
        <property name='artifact.size' value='4122762'/>
        <property name='download.size' value='4122762'/>
      </properties>
    </artifact>
    <artifact classifier='osgi.bundle' id='org.eclipse.core.databinding.property' version='1.3.0.I20100310-1300'>
      <properties size='2'>
        <property name='artifact.size' value='167458'/>
        <property name='download.size' value='167458'/>
      </properties>
    </artifact>
    <artifact classifier='osgi.bundle' id='org.eclipse.riena.navigation.ui' version='2.0.0.v20100316_2_0_0_M6'>
      <properties size='2'>
        <property name='artifact.size' value='53467'/>
        <property name='download.size' value='53467'/>
      </properties>
    </artifact>
    <artifact classifier='osgi.bundle' id='org.eclipse.riena.ui.ridgets.swt' version='2.0.0.v20100316_2_0_0_M6'>
      <properties size='2'>
        <property name='artifact.size' value='362721'/>
        <property name='download.size' value='362721'/>
      </properties>
    </artifact>
    <artifact classifier='osgi.bundle' id='org.eclipse.riena.ui.workarea' version='2.0.0.v20100316_2_0_0_M6'>
      <properties size='2'>
        <property name='artifact.size' value='12336'/>
        <property name='download.size' value='12336'/>
      </properties>
    </artifact>
    <artifact classifier='osgi.bundle' id='org.eclipse.core.runtime' version='3.6.0.v20091204'>
      <properties size='2'>
        <property name='artifact.size' value='70895'/>
        <property name='download.size' value='70895'/>
      </properties>
    </artifact>
    <artifact classifier='osgi.bundle' id='org.eclipse.riena.navigation.ui.swt' version='2.0.0.v20100316_2_0_0_M6'>
      <properties size='2'>
        <property name='artifact.size' value='227358'/>
        <property name='download.size' value='227358'/>
      </properties>
    </artifact>
    <artifact classifier='osgi.bundle' id='org.eclipse.riena.ui.core' version='2.0.0.v20100316_2_0_0_M6'>
      <properties size='2'>
        <property name='artifact.size' value='48094'/>
        <property name='download.size' value='48094'/>
      </properties>
    </artifact>
    <artifact classifier='osgi.bundle' id='com.agritrace.edairy.demo.riena' version='1.0.0.201004150357'>
      <properties size='2'>
        <property name='artifact.size' value='612'/>
        <property name='download.size' value='2580480'/>
      </properties>
    </artifact>
    <artifact classifier='osgi.bundle' id='org.eclipse.core.variables' version='3.2.300.v20090911'>
      <properties size='2'>
        <property name='artifact.size' value='31776'/>
        <property name='download.size' value='31776'/>
      </properties>
    </artifact>
    <artifact classifier='osgi.bundle' id='org.eclipse.core.commands' version='3.6.0.I20100122-0800'>
      <properties size='2'>
        <property name='artifact.size' value='107155'/>
        <property name='download.size' value='107155'/>
      </properties>
    </artifact>
    <artifact classifier='osgi.bundle' id='org.eclipse.riena.core' version='2.0.0.v20100316_2_0_0_M6'>
      <properties size='2'>
        <property name='artifact.size' value='219570'/>
        <property name='download.size' value='219570'/>
      </properties>
    </artifact>
    <artifact classifier='osgi.bundle' id='org.eclipse.riena.navigation' version='2.0.0.v20100316_2_0_0_M6'>
      <properties size='2'>
        <property name='artifact.size' value='118638'/>
        <property name='download.size' value='118638'/>
      </properties>
    </artifact>
    <artifact classifier='osgi.bundle' id='org.junit' version='3.8.2.v20090203-1005'>
      <properties size='2'>
        <property name='artifact.size' value='238'/>
        <property name='download.size' value='118282'/>
      </properties>
      <repositoryProperties size='1'>
        <property name='artifact.folder' value='true'/>
      </repositoryProperties>
    </artifact>
    <artifact classifier='osgi.bundle' id='org.eclipse.core.contenttype' version='3.4.100.v20100301'>
      <properties size='2'>
        <property name='artifact.size' value='91843'/>
        <property name='download.size' value='91843'/>
      </properties>
    </artifact>
    <artifact classifier='osgi.bundle' id='org.eclipse.equinox.transforms.hook' version='1.0.200.v20100118'>
      <properties size='2'>
        <property name='artifact.size' value='27241'/>
        <property name='download.size' value='27241'/>
      </properties>
    </artifact>
    <artifact classifier='osgi.bundle' id='org.eclipse.riena.ui.ridgets' version='2.0.0.v20100316_2_0_0_M6'>
      <properties size='2'>
        <property name='artifact.size' value='1224926'/>
        <property name='download.size' value='1224926'/>
      </properties>
    </artifact>
    <artifact classifier='osgi.bundle' id='org.eclipse.equinox.http.registry' version='1.1.0.v20100307'>
      <properties size='2'>
        <property name='artifact.size' value='43674'/>
        <property name='download.size' value='43674'/>
      </properties>
    </artifact>
    <artifact classifier='osgi.bundle' id='org.eclipse.equinox.registry' version='3.5.0.v20100301'>
      <properties size='2'>
        <property name='artifact.size' value='182527'/>
        <property name='download.size' value='182527'/>
      </properties>
    </artifact>
    <artifact classifier='osgi.bundle' id='org.eclipse.nebula.widgets.compositetable' version='1.0.0'>
      <properties size='2'>
        <property name='artifact.size' value='198580'/>
        <property name='download.size' value='198580'/>
      </properties>
    </artifact>
    <artifact classifier='osgi.bundle' id='org.eclipse.riena.ui.swt' version='2.0.0.v20100316_2_0_0_M6'>
      <properties size='2'>
        <property name='artifact.size' value='245980'/>
        <property name='download.size' value='245980'/>
      </properties>
    </artifact>
    <artifact classifier='osgi.bundle' id='org.eclipse.core.databinding.observable' version='1.3.0.I20100310-1300'>
      <properties size='2'>
        <property name='artifact.size' value='270330'/>
        <property name='download.size' value='270330'/>
      </properties>
    </artifact>
    <artifact classifier='osgi.bundle' id='org.eclipse.riena.communication.core' version='2.0.0.v20100316_2_0_0_M6'>
      <properties size='2'>
        <property name='artifact.size' value='84614'/>
        <property name='download.size' value='84614'/>
      </properties>
    </artifact>
    <artifact classifier='osgi.bundle' id='com.caucho.hessian' version='3.2.0'>
      <properties size='2'>
        <property name='artifact.size' value='261606'/>
        <property name='download.size' value='261606'/>
      </properties>
    </artifact>
    <artifact classifier='osgi.bundle' id='org.eclipse.equinox.log' version='1.2.100.v20100118'>
      <properties size='2'>
        <property name='artifact.size' value='36828'/>
        <property name='download.size' value='36828'/>
      </properties>
    </artifact>
    <artifact classifier='osgi.bundle' id='org.eclipse.riena.beans.common' version='2.0.0.v20100316_2_0_0_M6'>
      <properties size='2'>
        <property name='artifact.size' value='28704'/>
        <property name='download.size' value='28704'/>
      </properties>
    </artifact>
  </artifacts>
</repository>
